sales_agent,account,product,order_value,create_date
Jonathan Berthelot,Isdom,GTX Plus Basic,1149,2017-07-01
Maureen Marcano,Plusstrip,MG Special,57,2017-07-01
Versie Hillebrand,Finhigh,GTX Plus Pro,4813,2017-07-01
Vicki Laflamme,Blackzim,MG Special,51,2017-07-01
Cassey Cress,Iselectrics,MG Special,60,2017-07-03
Darcel Schlecht,Isdom,GTXPro,4826,2017-07-01
Donn Cantrell,Massive Dynamic,GTX Basic,553,2017-07-02
Niesha Huffines,Gogozoom,GTX Basic,557,2017-07-03
Versie Hillebrand,Zumgoity,MG Advanced,3465,2017-07-01
Cecily Lampkin,Treequote,MG Special,66,2017-07-05
Corliss Cosme,Iselectrics,GTX Plus Pro,5640,2017-07-01
Gladys Colclough,Conecom,MG Special,49,2017-07-03
Niesha Huffines,Condax,GTX Plus Basic,932,2017-07-02
Reed Clapper,Donquadtech,GTX Plus Basic,880,2017-07-04
Rosie Papadopoulos,Konex,MG Special,59,2017-07-01
Anna Snelling,Stanredtax,MG Special,64,2017-07-02
Corliss Cosme,Zotware,GTXPro,5088,2017-07-02
Markita Hansen,Blackzim,MG Special,59,2017-07-02
Moses Frase,Betatech,MG Advanced,3355,2017-07-05
Darcel Schlecht,Ron-tech,GTX Plus Pro,5536,2017-07-08
Darcel Schlecht,Domzoom,MG Special,54,2017-07-03
Donn Cantrell,Zotware,MG Advanced,3423,2017-07-05
Lajuana Vencill,Isdom,GTX Plus Pro,5536,2017-07-03
Marty Freudenburg,Warephase,GTX Plus Basic,839,2017-07-02
Violet Mclelland,Xx-zobam,MG Special,60,2017-07-02
Zane Levy,Rantouch,GTX Plus Basic,1137,2017-07-03
Boris Faz,Yearin,GTX Plus Pro,5201,2017-07-04
Cecily Lampkin,Toughzap,GTX Basic,612,2017-07-06
Donn Cantrell,Bioplex,GTX Basic,541,2017-07-06
Gladys Colclough,Cancity,GTXPro,5081,2017-07-02
Jonathan Berthelot,Cancity,GTX Basic,504,2017-07-03
Marty Freudenburg,Streethex,GTX Plus Pro,4181,2017-07-05
Maureen Marcano,Hatfan,GTX Basic,518,2017-07-06
Zane Levy,Nam-zim,GTX Basic,617,2017-07-04
Anna Snelling,Warephase,GTX Plus Basic,991,2017-07-06
Corliss Cosme,Ganjaflex,GTX Plus Pro,5121,2017-07-07
Darcel Schlecht,Zumgoity,GTXPro,4635,2017-07-06
Kami Bicknell,Blackzim,MG Special,59,2017-07-07
Marty Freudenburg,Globex Corporation,GTX Plus Basic,1176,2017-07-02
Moses Frase,Statholdings,GTX Basic,541,2017-07-05
Niesha Huffines,Domzoom,GTX Plus Pro,4766,2017-07-01
Reed Clapper,Vehement Capital Partners,GTXPro,4785,2017-07-01
Versie Hillebrand,Ron-tech,MG Advanced,3548,2017-07-04
Vicki Laflamme,Rantouch,MG Advanced,3615,2017-07-07
Darcel Schlecht,Streethex,GTXPro,4162,2017-07-07
Donn Cantrell,Iselectrics,GTXPro,5064,2017-07-02
Gladys Colclough,Conecom,MG Advanced,3865,2017-07-07
Kary Hendrixson,Singletechno,GTX Plus Basic,1028,2017-07-04
Versie Hillebrand,Dontechi,GTX Basic,462,2017-07-02
Vicki Laflamme,Scotfind,GTXPro,4264,2017-07-03
Anna Snelling,Betatech,GTX Plus Basic,1047,2017-07-10
Darcel Schlecht,Warephase,GTXPro,5321,2017-07-08
Darcel Schlecht,Globex Corporation,MG Special,57,2017-07-06
Garret Kinder,Kan-code,GTX Plus Basic,950,2017-07-08
Garret Kinder,Xx-zobam,MG Special,62,2017-07-08
Gladys Colclough,Isdom,GTX Plus Basic,1105,2017-07-07
Moses Frase,Rundofase,MG Advanced,3676,2017-07-06
Reed Clapper,Plussunin,GTXPro,4837,2017-07-09
Versie Hillebrand,Konmatfix,GTX Basic,466,2017-07-10
Vicki Laflamme,Newex,GTXPro,4856,2017-07-04
Vicki Laflamme,Plexzap,MG Advanced,3562,2017-07-08
Violet Mclelland,Mathtouch,GTXPro,5159,2017-07-09
Violet Mclelland,Kinnamplus,MG Advanced,3172,2017-07-11
Zane Levy,Goodsilron,GTX Basic,595,2017-07-10
Boris Faz,Yearin,GTX Plus Basic,1167,2017-07-02
Darcel Schlecht,Conecom,GTXPro,4749,2017-07-06
Elease Gluck,Labdrill,MG Special,51,2017-07-09
Marty Freudenburg,Konmatfix,MG Advanced,3699,2017-07-09
Maureen Marcano,Cheers,GTX Plus Pro,5909,2017-07-07
Reed Clapper,Zencorporation,MG Advanced,3351,2017-07-11
Rosalina Dieter,Nam-zim,MG Special,64,2017-07-09
Versie Hillebrand,dambase,MG Special,47,2017-07-11
Versie Hillebrand,Dontechi,MG Special,53,2017-07-01
Cecily Lampkin,Globex Corporation,GTX Plus Pro,4391,2017-07-11
Darcel Schlecht,Statholdings,GTX Plus Basic,1308,2017-07-11
Gladys Colclough,Isdom,MG Advanced,3252,2017-07-06
Jonathan Berthelot,Scottech,GTX Basic,574,2017-07-11
Kary Hendrixson,Dalttechnology,GTX Basic,576,2017-07-07
Markita Hansen,J-Texon,GTX Basic,592,2017-07-12
Markita Hansen,Doncon,GTXPro,4859,2017-07-09
Markita Hansen,Green-Plus,MG Special,50,2017-07-02
Marty Freudenburg,Stanredtax,GTX Plus Pro,5422,2017-07-09
Marty Freudenburg,Domzoom,MG Advanced,3657,2017-07-11
Maureen Marcano,Goodsilron,GTX Plus Pro,4974,2017-07-10
Niesha Huffines,Warephase,MG Special,50,2017-07-12
Vicki Laflamme,Kan-code,GTX Basic,571,2017-07-11
Anna Snelling,Statholdings,GTX Plus Basic,1180,2017-07-09
Cassey Cress,Zathunicon,GTX Plus Pro,5274,2017-07-04
Cecily Lampkin,Rundofase,GTX Basic,480,2017-07-04
Corliss Cosme,Ontomedia,GTXPro,4830,2017-07-08
Darcel Schlecht,Finhigh,GTX Plus Pro,5333,2017-07-04
Violet Mclelland,Yearin,MG Special,55,2017-07-13
Donn Cantrell,Kan-code,GTX Basic,540,2017-07-12
Donn Cantrell,Konex,GTX Plus Pro,4915,2017-07-04
Jonathan Berthelot,Hottechi,MG Advanced,3101,2017-07-05
Kary Hendrixson,Cheers,GTX Plus Basic,935,2017-07-12
Kary Hendrixson,Singletechno,GTX Plus Basic,1133,2017-07-13
Marty Freudenburg,Funholding,GTX Plus Basic,1204,2017-07-11
Vicki Laflamme,Lexiqvolax,GTX Basic,491,2017-07-14
Anna Snelling,Dontechi,MG Special,56,2017-07-06
Darcel Schlecht,Rundofase,GTXPro,4544,2017-07-05
Donn Cantrell,Bubba Gump,GTXPro,4669,2017-07-13
Moses Frase,Ron-tech,GTX Plus Basic,1102,2017-07-05
Moses Frase,Zumgoity,MG Special,55,2017-07-09
Versie Hillebrand,Cancity,MG Special,63,2017-07-05
Vicki Laflamme,Plusstrip,GTX Plus Pro,5971,2017-07-14
Cassey Cress,Betasoloin,GTX Plus Basic,1109,2017-07-14
Cassey Cress,The New York Inquirer,MG Advanced,3508,2017-07-06
James Ascencio,Hottechi,GTXPro,5157,2017-07-06
Jonathan Berthelot,Globex Corporation,GTXPro,4213,2017-07-17
Kami Bicknell,Konex,GTX Plus Basic,1230,2017-07-12
Kary Hendrixson,Sunnamplex,GTX Basic,443,2017-07-15
Rosie Papadopoulos,Kan-code,MG Special,58,2017-07-14
Cecily Lampkin,Inity,GTX Basic,590,2017-07-08
Cecily Lampkin,Isdom,GTX Plus Pro,5629,2017-07-14
Darcel Schlecht,Treequote,GTXPro,5085,2017-07-12
Donn Cantrell,Zotware,MG Advanced,2996,2017-07-17
Garret Kinder,Condax,GTXPro,4682,2017-07-14
Hayden Neloms,Sonron,MG Advanced,3250,2017-07-14
Marty Freudenburg,Funholding,GTX Plus Pro,5966,2017-07-07
Maureen Marcano,Labdrill,MG Advanced,3452,2017-07-16
Vicki Laflamme,Faxquote,GTX Basic,583,2017-07-13
Boris Faz,Betasoloin,GTX Basic,574,2017-07-09
Cecily Lampkin,Isdom,GTX Basic,458,2017-07-15
Daniell Hammack,Bluth Company,GTX Plus Basic,1107,2017-07-09
Daniell Hammack,Acme Corporation,GTXPro,4089,2017-07-08
Jonathan Berthelot,Dontechi,MG Special,64,2017-07-11
Kary Hendrixson,Finjob,GTX Basic,565,2017-07-09
Kary Hendrixson,Kan-code,GTX Basic,579,2017-07-17
Marty Freudenburg,Inity,GTX Plus Basic,1193,2017-07-17
Niesha Huffines,Betatech,GTX Plus Basic,1088,2017-07-11
Vicki Laflamme,Green-Plus,GTX Plus Pro,4466,2017-07-13
Cassey Cress,Konex,GTX Plus Basic,861,2017-07-16
Corliss Cosme,Umbrella Corporation,GTXPro,5137,2017-07-19
Darcel Schlecht,Betatech,MG Special,54,2017-07-16
Donn Cantrell,Kinnamplus,GTX Plus Basic,1020,2017-07-14
Donn Cantrell,Konex,MG Special,55,2017-07-14
Garret Kinder,Kinnamplus,GTX Basic,483,2017-07-09
James Ascencio,Kan-code,GTX Plus Pro,5284,2017-07-16
Kary Hendrixson,Green-Plus,GTX Plus Basic,993,2017-07-09
Reed Clapper,Kan-code,GTXPro,4530,2017-07-15
Rosie Papadopoulos,Xx-zobam,MG Advanced,3569,2017-07-09
Zane Levy,Kan-code,GTX Plus Pro,5576,2017-07-17
Boris Faz,Zathunicon,GTX Basic,457,2017-07-16
Corliss Cosme,Gekko & Co,GTX Basic,665,2017-07-10
Corliss Cosme,Zathunicon,GTX Plus Basic,1122,2017-07-15
Corliss Cosme,Umbrella Corporation,GTX Plus Pro,5578,2017-07-18
Gladys Colclough,Funholding,GTXPro,4440,2017-07-11
Jonathan Berthelot,Cancity,MG Special,53,2017-07-19
Lajuana Vencill,Inity,GTX Plus Basic,1192,2017-07-13
Moses Frase,Warephase,GTX Plus Pro,4651,2017-07-18
Anna Snelling,Domzoom,GTX Plus Basic,962,2017-07-17
Boris Faz,Silis,GTX Plus Basic,1063,2017-07-21
Gladys Colclough,Warephase,GTXPro,4631,2017-07-18
Gladys Colclough,Isdom,MG Advanced,3230,2017-07-19
Hayden Neloms,Condax,MG Special,59,2017-07-19
Kami Bicknell,Dalttechnology,MG Special,42,2017-07-11
Moses Frase,Isdom,GTX Basic,588,2017-07-19
Reed Clapper,Yearin,MG Special,54,2017-07-17
Daniell Hammack,Initech,GTX Plus Pro,4881,2017-07-19
Gladys Colclough,Genco Pura Olive Oil Company,MG Advanced,2878,2017-07-12
James Ascencio,Goodsilron,MG Special,57,2017-07-18
Jonathan Berthelot,Treequote,GTX Basic,576,2017-07-12
Jonathan Berthelot,Konmatfix,GTX Plus Basic,1258,2017-07-18
Kary Hendrixson,Hottechi,GTX Basic,491,2017-07-20
Reed Clapper,Konex,GTX Plus Basic,1076,2017-07-20
Rosalina Dieter,Zoomit,MG Special,57,2017-07-19
Hayden Neloms,Sunnamplex,MG Advanced,3741,2017-07-23
Hayden Neloms,Y-corporation,MG Advanced,2905,2017-07-14
Reed Clapper,Silis,GTX Plus Pro,5538,2017-07-18
Boris Faz,Kan-code,MG Advanced,3420,2017-07-23
Darcel Schlecht,Bioholding,GTXPro,5382,2017-07-16
Elease Gluck,Faxquote,GTXPro,5703,2017-07-18
Lajuana Vencill,Inity,GTX Basic,536,2017-07-19
Niesha Huffines,Codehow,GTX Basic,550,2017-07-24
Niesha Huffines,Ron-tech,GTX Basic,585,2017-07-14
Reed Clapper,Bubba Gump,GTXPro,5873,2017-07-22
Anna Snelling,Treequote,MG Special,44,2017-07-17
Cecily Lampkin,Inity,GTX Plus Pro,5537,2017-07-16
Darcel Schlecht,Statholdings,GTX Plus Basic,1144,2017-07-26
Hayden Neloms,Xx-holding,MG Advanced,3362,2017-07-15
James Ascencio,Goodsilron,GTX Plus Pro,5013,2017-07-21
Kary Hendrixson,Groovestreet,GTXPro,5161,2017-07-24
Lajuana Vencill,Genco Pura Olive Oil Company,GTX Basic,579,2017-07-16
Lajuana Vencill,Warephase,MG Advanced,3411,2017-07-24
Markita Hansen,Plusstrip,MG Advanced,3973,2017-07-15
Reed Clapper,Zathunicon,GTX Plus Basic,1029,2017-07-15
Rosie Papadopoulos,Gekko & Co,MG Special,59,2017-07-23
Violet Mclelland,Iselectrics,MG Special,48,2017-07-15
Zane Levy,Finjob,MG Special,57,2017-07-25
Donn Cantrell,Condax,MG Advanced,3724,2017-07-25
Reed Clapper,Ganjaflex,GTX Basic,555,2017-07-16
Rosalina Dieter,Lexiqvolax,GTX Basic,650,2017-07-23
Vicki Laflamme,Konex,MG Special,61,2017-07-21
Vicki Laflamme,Newex,MG Special,54,2017-07-17
Anna Snelling,Rangreen,MG Special,59,2017-07-25
Cassey Cress,Acme Corporation,GTXPro,5318,2017-07-28
Cecily Lampkin,Konmatfix,MG Special,62,2017-07-24
Darcel Schlecht,Rundofase,GTX Basic,538,2017-07-18
Darcel Schlecht,Betatech,GTXPro,4488,2017-07-17
Kami Bicknell,Singletechno,GTX Plus Basic,1109,2017-07-21
Kami Bicknell,Zoomit,GTX Plus Basic,1106,2017-07-23
Kary Hendrixson,Labdrill,GTX Plus Pro,5008,2017-07-26
Kary Hendrixson,Y-corporation,GTXPro,5621,2017-07-19
Lajuana Vencill,Rangreen,GTX Basic,550,2017-07-17
Wilburn Farren,Kinnamplus,MG Special,52,2017-07-25
Cassey Cress,Plussunin,GTX Plus Basic,1202,2017-07-20
Darcel Schlecht,Isdom,GTXPro,5673,2017-07-19
Hayden Neloms,Cheers,MG Advanced,3363,2017-07-24
Jonathan Berthelot,Toughzap,GTX Basic,617,2017-07-24
Jonathan Berthelot,Warephase,GTX Basic,490,2017-07-26
Kary Hendrixson,Kan-code,MG Advanced,3665,2017-07-26
Marty Freudenburg,Rangreen,MG Special,53,2017-07-26
Maureen Marcano,Sonron,GTXPro,4683,2017-07-25
Niesha Huffines,Statholdings,GTX Plus Basic,1114,2017-07-27
Rosie Papadopoulos,Plussunin,MG Special,57,2017-07-25
Vicki Laflamme,Goodsilron,GTX Basic,496,2017-07-18
Zane Levy,Goodsilron,GTXPro,5268,2017-07-28
Anna Snelling,Condax,MG Special,54,2017-07-27
Cassey Cress,Opentech,MG Advanced,3407,2017-07-28
Darcel Schlecht,Treequote,GTX Plus Basic,752,2017-07-19
Elease Gluck,Zoomit,GTX Basic,532,2017-07-28
Hayden Neloms,Finjob,MG Advanced,3403,2017-07-28
James Ascencio,Plusstrip,GTX Plus Pro,5440,2017-07-27
Marty Freudenburg,Globex Corporation,GTX Plus Pro,5698,2017-07-26
Moses Frase,Genco Pura Olive Oil Company,GTX Basic,563,2017-07-28
Vicki Laflamme,Sonron,GTX Plus Pro,4673,2017-07-27
Vicki Laflamme,Konex,MG Advanced,3405,2017-07-28
Anna Snelling,Betatech,MG Special,53,2017-07-25
Corliss Cosme,Donquadtech,GTX Plus Basic,955,2017-07-30
Darcel Schlecht,Gogozoom,GTXPro,5401,2017-07-26
Garret Kinder,Kan-code,GTX Plus Pro,4895,2017-07-26
Gladys Colclough,Treequote,GTX Plus Pro,4907,2017-07-21
Hayden Neloms,Faxquote,MG Advanced,2718,2017-07-28
Lajuana Vencill,Genco Pura Olive Oil Company,GTX Basic,537,2017-07-29
Lajuana Vencill,Dontechi,GTX Plus Basic,1089,2017-07-30
Lajuana Vencill,Codehow,MG Advanced,3352,2017-07-27
Markita Hansen,Singletechno,GTX Basic,535,2017-07-23
Moses Frase,Bioholding,MG Advanced,3985,2017-07-27
Rosie Papadopoulos,Massive Dynamic,MG Advanced,3568,2017-07-21
Versie Hillebrand,Funholding,MG Special,65,2017-07-27
Versie Hillebrand,Funholding,MG Special,47,2017-07-25
Anna Snelling,Ron-tech,GTX Plus Basic,1160,2017-07-21
Kary Hendrixson,Plexzap,GTXPro,4428,2017-07-26
Maureen Marcano,Singletechno,GTX Basic,523,2017-07-27
Rosie Papadopoulos,Mathtouch,GTXPro,5392,2017-07-31
Violet Mclelland,Zencorporation,MG Special,55,2017-07-28
Cassey Cress,Donware,GTX Basic,494,2017-07-30
Daniell Hammack,Konex,GTX Plus Pro,5118,2017-07-22
Darcel Schlecht,Toughzap,GTX Plus Basic,1000,2017-07-28
Darcel Schlecht,Conecom,GTXPro,5347,2017-07-26
Gladys Colclough,Stanredtax,MG Advanced,2970,2017-07-31
Kary Hendrixson,Sonron,GTX Plus Basic,997,2017-07-30
Moses Frase,Finhigh,GTX Basic,526,2017-07-30
Niesha Huffines,Dontechi,GTX Basic,418,2017-07-30
Niesha Huffines,Streethex,MG Special,54,2017-07-28
Versie Hillebrand,Scottech,MG Special,51,2017-07-28
Versie Hillebrand,Betatech,MG Advanced,3167,2017-07-30
Zane Levy,Doncon,GTXPro,5283,2017-07-22
Zane Levy,Doncon,MG Special,49,2017-07-23
Cassey Cress,Initech,MG Advanced,3684,2017-07-23
Cecily Lampkin,Stanredtax,MG Special,50,2017-07-23
Darcel Schlecht,Gogozoom,GTX Plus Basic,927,2017-07-29
Elease Gluck,Blackzim,MG Special,51,2017-07-23
Kary Hendrixson,Konex,GTX Basic,442,2017-07-23
Moses Frase,Stanredtax,GTX Plus Basic,1174,2017-07-23
Cecily Lampkin,Toughzap,GTX Basic,541,2017-07-24
Corliss Cosme,Kinnamplus,GTX Basic,630,2017-07-25
Daniell Hammack,Xx-zobam,GTX Plus Basic,1231,2017-07-30
Darcel Schlecht,Stanredtax,GTX Plus Basic,1070,2017-07-31
Elease Gluck,Newex,MG Special,57,2017-07-25
James Ascencio,J-Texon,GTX Plus Pro,4824,2017-07-25
Kami Bicknell,Doncon,MG Special,58,2017-07-28
Reed Clapper,Xx-zobam,GTX Basic,494,2017-07-31
Reed Clapper,Ontomedia,GTXPro,4434,2017-07-30
Wilburn Farren,Kinnamplus,GTX Basic,538,2017-07-30
Corliss Cosme,Zotware,GTX Basic,458,2017-07-26
Darcel Schlecht,Genco Pura Olive Oil Company,GTXPro,4772,2017-07-31
Donn Cantrell,Initech,GTXPro,4490,2017-07-26
Elease Gluck,Kan-code,MG Advanced,3371,2017-07-30
Marty Freudenburg,Konmatfix,GTX Plus Basic,1171,2017-07-25
Moses Frase,Inity,MG Special,58,2017-07-25
Rosie Papadopoulos,Zotware,MG Special,59,2017-07-25
Versie Hillebrand,Hottechi,MG Special,50,2017-07-31
Cassey Cress,Massive Dynamic,GTX Plus Basic,1311,2017-07-29
Daniell Hammack,Plussunin,GTX Plus Pro,6100,2017-07-27
Darcel Schlecht,Stanredtax,GTX Basic,581,2017-07-31
Lajuana Vencill,Konmatfix,GTX Basic,537,2017-07-30
Marty Freudenburg,Cancity,GTX Plus Basic,1031,2017-07-27
Violet Mclelland,Bioplex,GTX Basic,491,2017-07-26
Darcel Schlecht,Domzoom,GTXPro,4677,2017-07-27
Donn Cantrell,Xx-zobam,GTX Basic,554,2017-07-28
Gladys Colclough,Funholding,MG Advanced,3809,2017-07-28
Marty Freudenburg,Ron-tech,GTX Plus Basic,1044,2017-07-28
Wilburn Farren,Xx-zobam,MG Advanced,3596,2017-07-28
Anna Snelling,Bioholding,GTX Plus Pro,5068,2017-07-29
Anna Snelling,Globex Corporation,MG Special,46,2017-07-29
Markita Hansen,Konex,GTXPro,4209,2017-07-28
Darcel Schlecht,Inity,GTXPro,4387,2017-07-30
Darcel Schlecht,Streethex,GTXPro,4555,2017-07-30
Elease Gluck,Green-Plus,GTX Basic,514,2017-07-29
Jonathan Berthelot,Cancity,GTXPro,4671,2017-07-29
Marty Freudenburg,Cancity,GTXPro,4172,2017-07-29
Donn Cantrell,Sumace,GTX Plus Pro,5480,2017-07-31
Kami Bicknell,Goodsilron,GTX Plus Pro,4842,2017-07-31
Darcel Schlecht,Bioholding,MG Special,53,2017-07-31
Jonathan Berthelot,Rangreen,GTXPro,5741,2017-07-31
Maureen Marcano,Nam-zim,GTXPro,4913,2017-07-31
